scheme_id,scheme_name,category,min_age,max_age,gender,income_limit,state,benefit_type,description,official_source
1,Students Welfare Scheme 1,Students,17,30,Any,800000,All India,Scholarship,Government-supported students welfare scheme focused on social upliftment.,https://www.india.gov.in
2,Students Welfare Scheme 2,Students,17,30,Any,800000,All India,Scholarship,Government-supported students welfare scheme focused on social upliftment.,https://www.india.gov.in
3,Students Welfare Scheme 3,Students,17,30,Any,800000,All India,Scholarship,Government-supported students welfare scheme focused on social upliftment.,https://www.india.gov.in
4,Students Welfare Scheme 4,Students,17,30,Any,800000,All India,Scholarship,Government-supported students welfare scheme focused on social upliftment.,https://www.india.gov.in
5,Students Welfare Scheme 5,Students,17,30,Any,800000,All India,Scholarship,Government-supported students welfare scheme focused on social upliftment.,https://www.india.gov.in
6,Students Welfare Scheme 6,Students,17,30,Any,800000,All India,Scholarship,Government-supported students welfare scheme focused on social upliftment.,https://www.india.gov.in
7,Students Welfare Scheme 7,Students,17,30,Any,800000,All India,Scholarship,Government-supported students welfare scheme focused on social upliftment.,https://www.india.gov.in
8,Students Welfare Scheme 8,Students,17,30,Any,800000,All India,Scholarship,Government-supported students welfare scheme focused on social upliftment.,https://www.india.gov.in
9,Students Welfare Scheme 9,Students,17,30,Any,800000,All India,Scholarship,Government-supported students welfare scheme focused on social upliftment.,https://www.india.gov.in
10,Students Welfare Scheme 10,Students,17,30,Any,800000,All India,Scholarship,Government-supported students welfare scheme focused on social upliftment.,https://www.india.gov.in
11,Students Welfare Scheme 11,Students,17,30,Any,800000,All India,Scholarship,Government-supported students welfare scheme focused on social upliftment.,https://www.india.gov.in
12,Students Welfare Scheme 12,Students,17,30,Any,800000,All India,Scholarship,Government-supported students welfare scheme focused on social upliftment.,https://www.india.gov.in
13,Students Welfare Scheme 13,Students,17,30,Any,800000,All India,Scholarship,Government-supported students welfare scheme focused on social upliftment.,https://www.india.gov.in
14,Students Welfare Scheme 14,Students,17,30,Any,800000,All India,Scholarship,Government-supported students welfare scheme focused on social upliftment.,https://www.india.gov.in
15,Students Welfare Scheme 15,Students,17,30,Any,800000,All India,Scholarship,Government-supported students welfare scheme focused on social upliftment.,https://www.india.gov.in
16,Students Welfare Scheme 16,Students,17,30,Any,800000,All India,Scholarship,Government-supported students welfare scheme focused on social upliftment.,https://www.india.gov.in
17,Students Welfare Scheme 17,Students,17,30,Any,800000,All India,Scholarship,Government-supported students welfare scheme focused on social upliftment.,https://www.india.gov.in
18,Students Welfare Scheme 18,Students,17,30,Any,800000,All India,Scholarship,Government-supported students welfare scheme focused on social upliftment.,https://www.india.gov.in
19,Students Welfare Scheme 19,Students,17,30,Any,800000,All India,Scholarship,Government-supported students welfare scheme focused on social upliftment.,https://www.india.gov.in
20,Students Welfare Scheme 20,Students,17,30,Any,800000,All India,Scholarship,Government-supported students welfare scheme focused on social upliftment.,https://www.india.gov.in
21,Students Welfare Scheme 21,Students,17,30,Any,800000,All India,Scholarship,Government-supported students welfare scheme focused on social upliftment.,https://www.india.gov.in
22,Students Welfare Scheme 22,Students,17,30,Any,800000,All India,Scholarship,Government-supported students welfare scheme focused on social upliftment.,https://www.india.gov.in
23,Students Welfare Scheme 23,Students,17,30,Any,800000,All India,Scholarship,Government-supported students welfare scheme focused on social upliftment.,https://www.india.gov.in
24,Students Welfare Scheme 24,Students,17,30,Any,800000,All India,Scholarship,Government-supported students welfare scheme focused on social upliftment.,https://www.india.gov.in
25,Students Welfare Scheme 25,Students,17,30,Any,800000,All India,Scholarship,Government-supported students welfare scheme focused on social upliftment.,https://www.india.gov.in
26,Students Welfare Scheme 26,Students,17,30,Any,800000,All India,Scholarship,Government-supported students welfare scheme focused on social upliftment.,https://www.india.gov.in
27,Students Welfare Scheme 27,Students,17,30,Any,800000,All India,Scholarship,Government-supported students welfare scheme focused on social upliftment.,https://www.india.gov.in
28,Students Welfare Scheme 28,Students,17,30,Any,800000,All India,Scholarship,Government-supported students welfare scheme focused on social upliftment.,https://www.india.gov.in
29,Students Welfare Scheme 29,Students,17,30,Any,800000,All India,Scholarship,Government-supported students welfare scheme focused on social upliftment.,https://www.india.gov.in
30,Students Welfare Scheme 30,Students,17,30,Any,800000,All India,Scholarship,Government-supported students welfare scheme focused on social upliftment.,https://www.india.gov.in
31,Students Welfare Scheme 31,Students,17,30,Any,800000,All India,Scholarship,Government-supported students welfare scheme focused on social upliftment.,https://www.india.gov.in
32,Students Welfare Scheme 32,Students,17,30,Any,800000,All India,Scholarship,Government-supported students welfare scheme focused on social upliftment.,https://www.india.gov.in
33,Students Welfare Scheme 33,Students,17,30,Any,800000,All India,Scholarship,Government-supported students welfare scheme focused on social upliftment.,https://www.india.gov.in
34,Students Welfare Scheme 34,Students,17,30,Any,800000,All India,Scholarship,Government-supported students welfare scheme focused on social upliftment.,https://www.india.gov.in
35,Students Welfare Scheme 35,Students,17,30,Any,800000,All India,Scholarship,Government-supported students welfare scheme focused on social upliftment.,https://www.india.gov.in
36,Students Welfare Scheme 36,Students,17,30,Any,800000,All India,Scholarship,Government-supported students welfare scheme focused on social upliftment.,https://www.india.gov.in
37,Students Welfare Scheme 37,Students,17,30,Any,800000,All India,Scholarship,Government-supported students welfare scheme focused on social upliftment.,https://www.india.gov.in
38,Students Welfare Scheme 38,Students,17,30,Any,800000,All India,Scholarship,Government-supported students welfare scheme focused on social upliftment.,https://www.india.gov.in
39,Students Welfare Scheme 39,Students,17,30,Any,800000,All India,Scholarship,Government-supported students welfare scheme focused on social upliftment.,https://www.india.gov.in
40,Students Welfare Scheme 40,Students,17,30,Any,800000,All India,Scholarship,Government-supported students welfare scheme focused on social upliftment.,https://www.india.gov.in
41,Students Welfare Scheme 41,Students,17,30,Any,800000,All India,Scholarship,Government-supported students welfare scheme focused on social upliftment.,https://www.india.gov.in
42,Students Welfare Scheme 42,Students,17,30,Any,800000,All India,Scholarship,Government-supported students welfare scheme focused on social upliftment.,https://www.india.gov.in
43,Students Welfare Scheme 43,Students,17,30,Any,800000,All India,Scholarship,Government-supported students welfare scheme focused on social upliftment.,https://www.india.gov.in
44,Students Welfare Scheme 44,Students,17,30,Any,800000,All India,Scholarship,Government-supported students welfare scheme focused on social upliftment.,https://www.india.gov.in
45,Students Welfare Scheme 45,Students,17,30,Any,800000,All India,Scholarship,Government-supported students welfare scheme focused on social upliftment.,https://www.india.gov.in
46,Students Welfare Scheme 46,Students,17,30,Any,800000,All India,Scholarship,Government-supported students welfare scheme focused on social upliftment.,https://www.india.gov.in
47,Students Welfare Scheme 47,Students,17,30,Any,800000,All India,Scholarship,Government-supported students welfare scheme focused on social upliftment.,https://www.india.gov.in
48,Students Welfare Scheme 48,Students,17,30,Any,800000,All India,Scholarship,Government-supported students welfare scheme focused on social upliftment.,https://www.india.gov.in
49,Students Welfare Scheme 49,Students,17,30,Any,800000,All India,Scholarship,Government-supported students welfare scheme focused on social upliftment.,https://www.india.gov.in
50,Students Welfare Scheme 50,Students,17,30,Any,800000,All India,Scholarship,Government-supported students welfare scheme focused on social upliftment.,https://www.india.gov.in
51,Students Welfare Scheme 51,Students,17,30,Any,800000,All India,Scholarship,Government-supported students welfare scheme focused on social upliftment.,https://www.india.gov.in
52,Students Welfare Scheme 52,Students,17,30,Any,800000,All India,Scholarship,Government-supported students welfare scheme focused on social upliftment.,https://www.india.gov.in
53,Students Welfare Scheme 53,Students,17,30,Any,800000,All India,Scholarship,Government-supported students welfare scheme focused on social upliftment.,https://www.india.gov.in
54,Students Welfare Scheme 54,Students,17,30,Any,800000,All India,Scholarship,Government-supported students welfare scheme focused on social upliftment.,https://www.india.gov.in
55,Students Welfare Scheme 55,Students,17,30,Any,800000,All India,Scholarship,Government-supported students welfare scheme focused on social upliftment.,https://www.india.gov.in
56,Students Welfare Scheme 56,Students,17,30,Any,800000,All India,Scholarship,Government-supported students welfare scheme focused on social upliftment.,https://www.india.gov.in
57,Students Welfare Scheme 57,Students,17,30,Any,800000,All India,Scholarship,Government-supported students welfare scheme focused on social upliftment.,https://www.india.gov.in
58,Students Welfare Scheme 58,Students,17,30,Any,800000,All India,Scholarship,Government-supported students welfare scheme focused on social upliftment.,https://www.india.gov.in
59,Students Welfare Scheme 59,Students,17,30,Any,800000,All India,Scholarship,Government-supported students welfare scheme focused on social upliftment.,https://www.india.gov.in
60,Students Welfare Scheme 60,Students,17,30,Any,800000,All India,Scholarship,Government-supported students welfare scheme focused on social upliftment.,https://www.india.gov.in
61,Students Welfare Scheme 61,Students,17,30,Any,800000,All India,Scholarship,Government-supported students welfare scheme focused on social upliftment.,https://www.india.gov.in
62,Students Welfare Scheme 62,Students,17,30,Any,800000,All India,Scholarship,Government-supported students welfare scheme focused on social upliftment.,https://www.india.gov.in
63,Students Welfare Scheme 63,Students,17,30,Any,800000,All India,Scholarship,Government-supported students welfare scheme focused on social upliftment.,https://www.india.gov.in
64,Students Welfare Scheme 64,Students,17,30,Any,800000,All India,Scholarship,Government-supported students welfare scheme focused on social upliftment.,https://www.india.gov.in
65,Students Welfare Scheme 65,Students,17,30,Any,800000,All India,Scholarship,Government-supported students welfare scheme focused on social upliftment.,https://www.india.gov.in
66,Students Welfare Scheme 66,Students,17,30,Any,800000,All India,Scholarship,Government-supported students welfare scheme focused on social upliftment.,https://www.india.gov.in
67,Students Welfare Scheme 67,Students,17,30,Any,800000,All India,Scholarship,Government-supported students welfare scheme focused on social upliftment.,https://www.india.gov.in
68,Students Welfare Scheme 68,Students,17,30,Any,800000,All India,Scholarship,Government-supported students welfare scheme focused on social upliftment.,https://www.india.gov.in
69,Students Welfare Scheme 69,Students,17,30,Any,800000,All India,Scholarship,Government-supported students welfare scheme focused on social upliftment.,https://www.india.gov.in
70,Students Welfare Scheme 70,Students,17,30,Any,800000,All India,Scholarship,Government-supported students welfare scheme focused on social upliftment.,https://www.india.gov.in
71,Students Welfare Scheme 71,Students,17,30,Any,800000,All India,Scholarship,Government-supported students welfare scheme focused on social upliftment.,https://www.india.gov.in
72,Students Welfare Scheme 72,Students,17,30,Any,800000,All India,Scholarship,Government-supported students welfare scheme focused on social upliftment.,https://www.india.gov.in
73,Students Welfare Scheme 73,Students,17,30,Any,800000,All India,Scholarship,Government-supported students welfare scheme focused on social upliftment.,https://www.india.gov.in
74,Students Welfare Scheme 74,Students,17,30,Any,800000,All India,Scholarship,Government-supported students welfare scheme focused on social upliftment.,https://www.india.gov.in
75,Students Welfare Scheme 75,Students,17,30,Any,800000,All India,Scholarship,Government-supported students welfare scheme focused on social upliftment.,https://www.india.gov.in
76,Students Welfare Scheme 76,Students,17,30,Any,800000,All India,Scholarship,Government-supported students welfare scheme focused on social upliftment.,https://www.india.gov.in
77,Students Welfare Scheme 77,Students,17,30,Any,800000,All India,Scholarship,Government-supported students welfare scheme focused on social upliftment.,https://www.india.gov.in
78,Students Welfare Scheme 78,Students,17,30,Any,800000,All India,Scholarship,Government-supported students welfare scheme focused on social upliftment.,https://www.india.gov.in
79,Students Welfare Scheme 79,Students,17,30,Any,800000,All India,Scholarship,Government-supported students welfare scheme focused on social upliftment.,https://www.india.gov.in
80,Students Welfare Scheme 80,Students,17,30,Any,800000,All India,Scholarship,Government-supported students welfare scheme focused on social upliftment.,https://www.india.gov.in
81,Students Welfare Scheme 81,Students,17,30,Any,800000,All India,Scholarship,Government-supported students welfare scheme focused on social upliftment.,https://www.india.gov.in
82,Students Welfare Scheme 82,Students,17,30,Any,800000,All India,Scholarship,Government-supported students welfare scheme focused on social upliftment.,https://www.india.gov.in
83,Students Welfare Scheme 83,Students,17,30,Any,800000,All India,Scholarship,Government-supported students welfare scheme focused on social upliftment.,https://www.india.gov.in
84,Students Welfare Scheme 84,Students,17,30,Any,800000,All India,Scholarship,Government-supported students welfare scheme focused on social upliftment.,https://www.india.gov.in
85,Students Welfare Scheme 85,Students,17,30,Any,800000,All India,Scholarship,Government-supported students welfare scheme focused on social upliftment.,https://www.india.gov.in
86,Students Welfare Scheme 86,Students,17,30,Any,800000,All India,Scholarship,Government-supported students welfare scheme focused on social upliftment.,https://www.india.gov.in
87,Students Welfare Scheme 87,Students,17,30,Any,800000,All India,Scholarship,Government-supported students welfare scheme focused on social upliftment.,https://www.india.gov.in
88,Students Welfare Scheme 88,Students,17,30,Any,800000,All India,Scholarship,Government-supported students welfare scheme focused on social upliftment.,https://www.india.gov.in
89,Students Welfare Scheme 89,Students,17,30,Any,800000,All India,Scholarship,Government-supported students welfare scheme focused on social upliftment.,https://www.india.gov.in
90,Students Welfare Scheme 90,Students,17,30,Any,800000,All India,Scholarship,Government-supported students welfare scheme focused on social upliftment.,https://www.india.gov.in
91,Students Welfare Scheme 91,Students,17,30,Any,800000,All India,Scholarship,Government-supported students welfare scheme focused on social upliftment.,https://www.india.gov.in
92,Students Welfare Scheme 92,Students,17,30,Any,800000,All India,Scholarship,Government-supported students welfare scheme focused on social upliftment.,https://www.india.gov.in
93,Students Welfare Scheme 93,Students,17,30,Any,800000,All India,Scholarship,Government-supported students welfare scheme focused on social upliftment.,https://www.india.gov.in
94,Students Welfare Scheme 94,Students,17,30,Any,800000,All India,Scholarship,Government-supported students welfare scheme focused on social upliftment.,https://www.india.gov.in
95,Students Welfare Scheme 95,Students,17,30,Any,800000,All India,Scholarship,Government-supported students welfare scheme focused on social upliftment.,https://www.india.gov.in
96,Students Welfare Scheme 96,Students,17,30,Any,800000,All India,Scholarship,Government-supported students welfare scheme focused on social upliftment.,https://www.india.gov.in
97,Students Welfare Scheme 97,Students,17,30,Any,800000,All India,Scholarship,Government-supported students welfare scheme focused on social upliftment.,https://www.india.gov.in
98,Students Welfare Scheme 98,Students,17,30,Any,800000,All India,Scholarship,Government-supported students welfare scheme focused on social upliftment.,https://www.india.gov.in
99,Students Welfare Scheme 99,Students,17,30,Any,800000,All India,Scholarship,Government-supported students welfare scheme focused on social upliftment.,https://www.india.gov.in
100,Students Welfare Scheme 100,Students,17,30,Any,800000,All India,Scholarship,Government-supported students welfare scheme focused on social upliftment.,https://www.india.gov.in
101,Women Welfare Scheme 1,Women,18,60,Female,800000,All India,Financial Assistance,Government-supported women welfare scheme focused on social upliftment.,https://www.india.gov.in
102,Women Welfare Scheme 2,Women,18,60,Female,800000,All India,Financial Assistance,Government-supported women welfare scheme focused on social upliftment.,https://www.india.gov.in
103,Women Welfare Scheme 3,Women,18,60,Female,800000,All India,Financial Assistance,Government-supported women welfare scheme focused on social upliftment.,https://www.india.gov.in
104,Women Welfare Scheme 4,Women,18,60,Female,800000,All India,Financial Assistance,Government-supported women welfare scheme focused on social upliftment.,https://www.india.gov.in
105,Women Welfare Scheme 5,Women,18,60,Female,800000,All India,Financial Assistance,Government-supported women welfare scheme focused on social upliftment.,https://www.india.gov.in
106,Women Welfare Scheme 6,Women,18,60,Female,800000,All India,Financial Assistance,Government-supported women welfare scheme focused on social upliftment.,https://www.india.gov.in
107,Women Welfare Scheme 7,Women,18,60,Female,800000,All India,Financial Assistance,Government-supported women welfare scheme focused on social upliftment.,https://www.india.gov.in
108,Women Welfare Scheme 8,Women,18,60,Female,800000,All India,Financial Assistance,Government-supported women welfare scheme focused on social upliftment.,https://www.india.gov.in
109,Women Welfare Scheme 9,Women,18,60,Female,800000,All India,Financial Assistance,Government-supported women welfare scheme focused on social upliftment.,https://www.india.gov.in
110,Women Welfare Scheme 10,Women,18,60,Female,800000,All India,Financial Assistance,Government-supported women welfare scheme focused on social upliftment.,https://www.india.gov.in
111,Women Welfare Scheme 11,Women,18,60,Female,800000,All India,Financial Assistance,Government-supported women welfare scheme focused on social upliftment.,https://www.india.gov.in
112,Women Welfare Scheme 12,Women,18,60,Female,800000,All India,Financial Assistance,Government-supported women welfare scheme focused on social upliftment.,https://www.india.gov.in
113,Women Welfare Scheme 13,Women,18,60,Female,800000,All India,Financial Assistance,Government-supported women welfare scheme focused on social upliftment.,https://www.india.gov.in
114,Women Welfare Scheme 14,Women,18,60,Female,800000,All India,Financial Assistance,Government-supported women welfare scheme focused on social upliftment.,https://www.india.gov.in
115,Women Welfare Scheme 15,Women,18,60,Female,800000,All India,Financial Assistance,Government-supported women welfare scheme focused on social upliftment.,https://www.india.gov.in
116,Women Welfare Scheme 16,Women,18,60,Female,800000,All India,Financial Assistance,Government-supported women welfare scheme focused on social upliftment.,https://www.india.gov.in
117,Women Welfare Scheme 17,Women,18,60,Female,800000,All India,Financial Assistance,Government-supported women welfare scheme focused on social upliftment.,https://www.india.gov.in
118,Women Welfare Scheme 18,Women,18,60,Female,800000,All India,Financial Assistance,Government-supported women welfare scheme focused on social upliftment.,https://www.india.gov.in
119,Women Welfare Scheme 19,Women,18,60,Female,800000,All India,Financial Assistance,Government-supported women welfare scheme focused on social upliftment.,https://www.india.gov.in
120,Women Welfare Scheme 20,Women,18,60,Female,800000,All India,Financial Assistance,Government-supported women welfare scheme focused on social upliftment.,https://www.india.gov.in
121,Women Welfare Scheme 21,Women,18,60,Female,800000,All India,Financial Assistance,Government-supported women welfare scheme focused on social upliftment.,https://www.india.gov.in
122,Women Welfare Scheme 22,Women,18,60,Female,800000,All India,Financial Assistance,Government-supported women welfare scheme focused on social upliftment.,https://www.india.gov.in
123,Women Welfare Scheme 23,Women,18,60,Female,800000,All India,Financial Assistance,Government-supported women welfare scheme focused on social upliftment.,https://www.india.gov.in
124,Women Welfare Scheme 24,Women,18,60,Female,800000,All India,Financial Assistance,Government-supported women welfare scheme focused on social upliftment.,https://www.india.gov.in
125,Women Welfare Scheme 25,Women,18,60,Female,800000,All India,Financial Assistance,Government-supported women welfare scheme focused on social upliftment.,https://www.india.gov.in
126,Women Welfare Scheme 26,Women,18,60,Female,800000,All India,Financial Assistance,Government-supported women welfare scheme focused on social upliftment.,https://www.india.gov.in
127,Women Welfare Scheme 27,Women,18,60,Female,800000,All India,Financial Assistance,Government-supported women welfare scheme focused on social upliftment.,https://www.india.gov.in
128,Women Welfare Scheme 28,Women,18,60,Female,800000,All India,Financial Assistance,Government-supported women welfare scheme focused on social upliftment.,https://www.india.gov.in
129,Women Welfare Scheme 29,Women,18,60,Female,800000,All India,Financial Assistance,Government-supported women welfare scheme focused on social upliftment.,https://www.india.gov.in
130,Women Welfare Scheme 30,Women,18,60,Female,800000,All India,Financial Assistance,Government-supported women welfare scheme focused on social upliftment.,https://www.india.gov.in
131,Women Welfare Scheme 31,Women,18,60,Female,800000,All India,Financial Assistance,Government-supported women welfare scheme focused on social upliftment.,https://www.india.gov.in
132,Women Welfare Scheme 32,Women,18,60,Female,800000,All India,Financial Assistance,Government-supported women welfare scheme focused on social upliftment.,https://www.india.gov.in
133,Women Welfare Scheme 33,Women,18,60,Female,800000,All India,Financial Assistance,Government-supported women welfare scheme focused on social upliftment.,https://www.india.gov.in
134,Women Welfare Scheme 34,Women,18,60,Female,800000,All India,Financial Assistance,Government-supported women welfare scheme focused on social upliftment.,https://www.india.gov.in
135,Women Welfare Scheme 35,Women,18,60,Female,800000,All India,Financial Assistance,Government-supported women welfare scheme focused on social upliftment.,https://www.india.gov.in
136,Women Welfare Scheme 36,Women,18,60,Female,800000,All India,Financial Assistance,Government-supported women welfare scheme focused on social upliftment.,https://www.india.gov.in
137,Women Welfare Scheme 37,Women,18,60,Female,800000,All India,Financial Assistance,Government-supported women welfare scheme focused on social upliftment.,https://www.india.gov.in
138,Women Welfare Scheme 38,Women,18,60,Female,800000,All India,Financial Assistance,Government-supported women welfare scheme focused on social upliftment.,https://www.india.gov.in
139,Women Welfare Scheme 39,Women,18,60,Female,800000,All India,Financial Assistance,Government-supported women welfare scheme focused on social upliftment.,https://www.india.gov.in
140,Women Welfare Scheme 40,Women,18,60,Female,800000,All India,Financial Assistance,Government-supported women welfare scheme focused on social upliftment.,https://www.india.gov.in
141,Women Welfare Scheme 41,Women,18,60,Female,800000,All India,Financial Assistance,Government-supported women welfare scheme focused on social upliftment.,https://www.india.gov.in
142,Women Welfare Scheme 42,Women,18,60,Female,800000,All India,Financial Assistance,Government-supported women welfare scheme focused on social upliftment.,https://www.india.gov.in
143,Women Welfare Scheme 43,Women,18,60,Female,800000,All India,Financial Assistance,Government-supported women welfare scheme focused on social upliftment.,https://www.india.gov.in
144,Women Welfare Scheme 44,Women,18,60,Female,800000,All India,Financial Assistance,Government-supported women welfare scheme focused on social upliftment.,https://www.india.gov.in
145,Women Welfare Scheme 45,Women,18,60,Female,800000,All India,Financial Assistance,Government-supported women welfare scheme focused on social upliftment.,https://www.india.gov.in
146,Women Welfare Scheme 46,Women,18,60,Female,800000,All India,Financial Assistance,Government-supported women welfare scheme focused on social upliftment.,https://www.india.gov.in
147,Women Welfare Scheme 47,Women,18,60,Female,800000,All India,Financial Assistance,Government-supported women welfare scheme focused on social upliftment.,https://www.india.gov.in
148,Women Welfare Scheme 48,Women,18,60,Female,800000,All India,Financial Assistance,Government-supported women welfare scheme focused on social upliftment.,https://www.india.gov.in
149,Women Welfare Scheme 49,Women,18,60,Female,800000,All India,Financial Assistance,Government-supported women welfare scheme focused on social upliftment.,https://www.india.gov.in
150,Women Welfare Scheme 50,Women,18,60,Female,800000,All India,Financial Assistance,Government-supported women welfare scheme focused on social upliftment.,https://www.india.gov.in
151,Women Welfare Scheme 51,Women,18,60,Female,800000,All India,Financial Assistance,Government-supported women welfare scheme focused on social upliftment.,https://www.india.gov.in
152,Women Welfare Scheme 52,Women,18,60,Female,800000,All India,Financial Assistance,Government-supported women welfare scheme focused on social upliftment.,https://www.india.gov.in
153,Women Welfare Scheme 53,Women,18,60,Female,800000,All India,Financial Assistance,Government-supported women welfare scheme focused on social upliftment.,https://www.india.gov.in
154,Women Welfare Scheme 54,Women,18,60,Female,800000,All India,Financial Assistance,Government-supported women welfare scheme focused on social upliftment.,https://www.india.gov.in
155,Women Welfare Scheme 55,Women,18,60,Female,800000,All India,Financial Assistance,Government-supported women welfare scheme focused on social upliftment.,https://www.india.gov.in
156,Women Welfare Scheme 56,Women,18,60,Female,800000,All India,Financial Assistance,Government-supported women welfare scheme focused on social upliftment.,https://www.india.gov.in
157,Women Welfare Scheme 57,Women,18,60,Female,800000,All India,Financial Assistance,Government-supported women welfare scheme focused on social upliftment.,https://www.india.gov.in
158,Women Welfare Scheme 58,Women,18,60,Female,800000,All India,Financial Assistance,Government-supported women welfare scheme focused on social upliftment.,https://www.india.gov.in
159,Women Welfare Scheme 59,Women,18,60,Female,800000,All India,Financial Assistance,Government-supported women welfare scheme focused on social upliftment.,https://www.india.gov.in
160,Women Welfare Scheme 60,Women,18,60,Female,800000,All India,Financial Assistance,Government-supported women welfare scheme focused on social upliftment.,https://www.india.gov.in
161,Women Welfare Scheme 61,Women,18,60,Female,800000,All India,Financial Assistance,Government-supported women welfare scheme focused on social upliftment.,https://www.india.gov.in
162,Women Welfare Scheme 62,Women,18,60,Female,800000,All India,Financial Assistance,Government-supported women welfare scheme focused on social upliftment.,https://www.india.gov.in
163,Women Welfare Scheme 63,Women,18,60,Female,800000,All India,Financial Assistance,Government-supported women welfare scheme focused on social upliftment.,https://www.india.gov.in
164,Women Welfare Scheme 64,Women,18,60,Female,800000,All India,Financial Assistance,Government-supported women welfare scheme focused on social upliftment.,https://www.india.gov.in
165,Women Welfare Scheme 65,Women,18,60,Female,800000,All India,Financial Assistance,Government-supported women welfare scheme focused on social upliftment.,https://www.india.gov.in
166,Women Welfare Scheme 66,Women,18,60,Female,800000,All India,Financial Assistance,Government-supported women welfare scheme focused on social upliftment.,https://www.india.gov.in
167,Women Welfare Scheme 67,Women,18,60,Female,800000,All India,Financial Assistance,Government-supported women welfare scheme focused on social upliftment.,https://www.india.gov.in
168,Women Welfare Scheme 68,Women,18,60,Female,800000,All India,Financial Assistance,Government-supported women welfare scheme focused on social upliftment.,https://www.india.gov.in
169,Women Welfare Scheme 69,Women,18,60,Female,800000,All India,Financial Assistance,Government-supported women welfare scheme focused on social upliftment.,https://www.india.gov.in
170,Women Welfare Scheme 70,Women,18,60,Female,800000,All India,Financial Assistance,Government-supported women welfare scheme focused on social upliftment.,https://www.india.gov.in
171,Women Welfare Scheme 71,Women,18,60,Female,800000,All India,Financial Assistance,Government-supported women welfare scheme focused on social upliftment.,https://www.india.gov.in
172,Women Welfare Scheme 72,Women,18,60,Female,800000,All India,Financial Assistance,Government-supported women welfare scheme focused on social upliftment.,https://www.india.gov.in
173,Women Welfare Scheme 73,Women,18,60,Female,800000,All India,Financial Assistance,Government-supported women welfare scheme focused on social upliftment.,https://www.india.gov.in
174,Women Welfare Scheme 74,Women,18,60,Female,800000,All India,Financial Assistance,Government-supported women welfare scheme focused on social upliftment.,https://www.india.gov.in
175,Women Welfare Scheme 75,Women,18,60,Female,800000,All India,Financial Assistance,Government-supported women welfare scheme focused on social upliftment.,https://www.india.gov.in
176,Women Welfare Scheme 76,Women,18,60,Female,800000,All India,Financial Assistance,Government-supported women welfare scheme focused on social upliftment.,https://www.india.gov.in
177,Women Welfare Scheme 77,Women,18,60,Female,800000,All India,Financial Assistance,Government-supported women welfare scheme focused on social upliftment.,https://www.india.gov.in
178,Women Welfare Scheme 78,Women,18,60,Female,800000,All India,Financial Assistance,Government-supported women welfare scheme focused on social upliftment.,https://www.india.gov.in
179,Women Welfare Scheme 79,Women,18,60,Female,800000,All India,Financial Assistance,Government-supported women welfare scheme focused on social upliftment.,https://www.india.gov.in
180,Women Welfare Scheme 80,Women,18,60,Female,800000,All India,Financial Assistance,Government-supported women welfare scheme focused on social upliftment.,https://www.india.gov.in
181,Women Welfare Scheme 81,Women,18,60,Female,800000,All India,Financial Assistance,Government-supported women welfare scheme focused on social upliftment.,https://www.india.gov.in
182,Women Welfare Scheme 82,Women,18,60,Female,800000,All India,Financial Assistance,Government-supported women welfare scheme focused on social upliftment.,https://www.india.gov.in
183,Women Welfare Scheme 83,Women,18,60,Female,800000,All India,Financial Assistance,Government-supported women welfare scheme focused on social upliftment.,https://www.india.gov.in
184,Women Welfare Scheme 84,Women,18,60,Female,800000,All India,Financial Assistance,Government-supported women welfare scheme focused on social upliftment.,https://www.india.gov.in
185,Women Welfare Scheme 85,Women,18,60,Female,800000,All India,Financial Assistance,Government-supported women welfare scheme focused on social upliftment.,https://www.india.gov.in
186,Women Welfare Scheme 86,Women,18,60,Female,800000,All India,Financial Assistance,Government-supported women welfare scheme focused on social upliftment.,https://www.india.gov.in
187,Women Welfare Scheme 87,Women,18,60,Female,800000,All India,Financial Assistance,Government-supported women welfare scheme focused on social upliftment.,https://www.india.gov.in
188,Women Welfare Scheme 88,Women,18,60,Female,800000,All India,Financial Assistance,Government-supported women welfare scheme focused on social upliftment.,https://www.india.gov.in
189,Women Welfare Scheme 89,Women,18,60,Female,800000,All India,Financial Assistance,Government-supported women welfare scheme focused on social upliftment.,https://www.india.gov.in
190,Women Welfare Scheme 90,Women,18,60,Female,800000,All India,Financial Assistance,Government-supported women welfare scheme focused on social upliftment.,https://www.india.gov.in
191,Women Welfare Scheme 91,Women,18,60,Female,800000,All India,Financial Assistance,Government-supported women welfare scheme focused on social upliftment.,https://www.india.gov.in
192,Women Welfare Scheme 92,Women,18,60,Female,800000,All India,Financial Assistance,Government-supported women welfare scheme focused on social upliftment.,https://www.india.gov.in
193,Women Welfare Scheme 93,Women,18,60,Female,800000,All India,Financial Assistance,Government-supported women welfare scheme focused on social upliftment.,https://www.india.gov.in
194,Women Welfare Scheme 94,Women,18,60,Female,800000,All India,Financial Assistance,Government-supported women welfare scheme focused on social upliftment.,https://www.india.gov.in
195,Women Welfare Scheme 95,Women,18,60,Female,800000,All India,Financial Assistance,Government-supported women welfare scheme focused on social upliftment.,https://www.india.gov.in
196,Women Welfare Scheme 96,Women,18,60,Female,800000,All India,Financial Assistance,Government-supported women welfare scheme focused on social upliftment.,https://www.india.gov.in
197,Women Welfare Scheme 97,Women,18,60,Female,800000,All India,Financial Assistance,Government-supported women welfare scheme focused on social upliftment.,https://www.india.gov.in
198,Women Welfare Scheme 98,Women,18,60,Female,800000,All India,Financial Assistance,Government-supported women welfare scheme focused on social upliftment.,https://www.india.gov.in
199,Women Welfare Scheme 99,Women,18,60,Female,800000,All India,Financial Assistance,Government-supported women welfare scheme focused on social upliftment.,https://www.india.gov.in
200,Women Welfare Scheme 100,Women,18,60,Female,800000,All India,Financial Assistance,Government-supported women welfare scheme focused on social upliftment.,https://www.india.gov.in
201,Farmers Welfare Scheme 1,Farmers,21,65,Any,800000,All India,Subsidy,Government-supported farmers welfare scheme focused on social upliftment.,https://www.india.gov.in
202,Farmers Welfare Scheme 2,Farmers,21,65,Any,800000,All India,Subsidy,Government-supported farmers welfare scheme focused on social upliftment.,https://www.india.gov.in
203,Farmers Welfare Scheme 3,Farmers,21,65,Any,800000,All India,Subsidy,Government-supported farmers welfare scheme focused on social upliftment.,https://www.india.gov.in
204,Farmers Welfare Scheme 4,Farmers,21,65,Any,800000,All India,Subsidy,Government-supported farmers welfare scheme focused on social upliftment.,https://www.india.gov.in
205,Farmers Welfare Scheme 5,Farmers,21,65,Any,800000,All India,Subsidy,Government-supported farmers welfare scheme focused on social upliftment.,https://www.india.gov.in
206,Farmers Welfare Scheme 6,Farmers,21,65,Any,800000,All India,Subsidy,Government-supported farmers welfare scheme focused on social upliftment.,https://www.india.gov.in
207,Farmers Welfare Scheme 7,Farmers,21,65,Any,800000,All India,Subsidy,Government-supported farmers welfare scheme focused on social upliftment.,https://www.india.gov.in
208,Farmers Welfare Scheme 8,Farmers,21,65,Any,800000,All India,Subsidy,Government-supported farmers welfare scheme focused on social upliftment.,https://www.india.gov.in
209,Farmers Welfare Scheme 9,Farmers,21,65,Any,800000,All India,Subsidy,Government-supported farmers welfare scheme focused on social upliftment.,https://www.india.gov.in
210,Farmers Welfare Scheme 10,Farmers,21,65,Any,800000,All India,Subsidy,Government-supported farmers welfare scheme focused on social upliftment.,https://www.india.gov.in
211,Farmers Welfare Scheme 11,Farmers,21,65,Any,800000,All India,Subsidy,Government-supported farmers welfare scheme focused on social upliftment.,https://www.india.gov.in
212,Farmers Welfare Scheme 12,Farmers,21,65,Any,800000,All India,Subsidy,Government-supported farmers welfare scheme focused on social upliftment.,https://www.india.gov.in
213,Farmers Welfare Scheme 13,Farmers,21,65,Any,800000,All India,Subsidy,Government-supported farmers welfare scheme focused on social upliftment.,https://www.india.gov.in
214,Farmers Welfare Scheme 14,Farmers,21,65,Any,800000,All India,Subsidy,Government-supported farmers welfare scheme focused on social upliftment.,https://www.india.gov.in
215,Farmers Welfare Scheme 15,Farmers,21,65,Any,800000,All India,Subsidy,Government-supported farmers welfare scheme focused on social upliftment.,https://www.india.gov.in
216,Farmers Welfare Scheme 16,Farmers,21,65,Any,800000,All India,Subsidy,Government-supported farmers welfare scheme focused on social upliftment.,https://www.india.gov.in
217,Farmers Welfare Scheme 17,Farmers,21,65,Any,800000,All India,Subsidy,Government-supported farmers welfare scheme focused on social upliftment.,https://www.india.gov.in
218,Farmers Welfare Scheme 18,Farmers,21,65,Any,800000,All India,Subsidy,Government-supported farmers welfare scheme focused on social upliftment.,https://www.india.gov.in
219,Farmers Welfare Scheme 19,Farmers,21,65,Any,800000,All India,Subsidy,Government-supported farmers welfare scheme focused on social upliftment.,https://www.india.gov.in
220,Farmers Welfare Scheme 20,Farmers,21,65,Any,800000,All India,Subsidy,Government-supported farmers welfare scheme focused on social upliftment.,https://www.india.gov.in
221,Farmers Welfare Scheme 21,Farmers,21,65,Any,800000,All India,Subsidy,Government-supported farmers welfare scheme focused on social upliftment.,https://www.india.gov.in
222,Farmers Welfare Scheme 22,Farmers,21,65,Any,800000,All India,Subsidy,Government-supported farmers welfare scheme focused on social upliftment.,https://www.india.gov.in
223,Farmers Welfare Scheme 23,Farmers,21,65,Any,800000,All India,Subsidy,Government-supported farmers welfare scheme focused on social upliftment.,https://www.india.gov.in
224,Farmers Welfare Scheme 24,Farmers,21,65,Any,800000,All India,Subsidy,Government-supported farmers welfare scheme focused on social upliftment.,https://www.india.gov.in
225,Farmers Welfare Scheme 25,Farmers,21,65,Any,800000,All India,Subsidy,Government-supported farmers welfare scheme focused on social upliftment.,https://www.india.gov.in
226,Farmers Welfare Scheme 26,Farmers,21,65,Any,800000,All India,Subsidy,Government-supported farmers welfare scheme focused on social upliftment.,https://www.india.gov.in
227,Farmers Welfare Scheme 27,Farmers,21,65,Any,800000,All India,Subsidy,Government-supported farmers welfare scheme focused on social upliftment.,https://www.india.gov.in
228,Farmers Welfare Scheme 28,Farmers,21,65,Any,800000,All India,Subsidy,Government-supported farmers welfare scheme focused on social upliftment.,https://www.india.gov.in
229,Farmers Welfare Scheme 29,Farmers,21,65,Any,800000,All India,Subsidy,Government-supported farmers welfare scheme focused on social upliftment.,https://www.india.gov.in
230,Farmers Welfare Scheme 30,Farmers,21,65,Any,800000,All India,Subsidy,Government-supported farmers welfare scheme focused on social upliftment.,https://www.india.gov.in
231,Farmers Welfare Scheme 31,Farmers,21,65,Any,800000,All India,Subsidy,Government-supported farmers welfare scheme focused on social upliftment.,https://www.india.gov.in
232,Farmers Welfare Scheme 32,Farmers,21,65,Any,800000,All India,Subsidy,Government-supported farmers welfare scheme focused on social upliftment.,https://www.india.gov.in
233,Farmers Welfare Scheme 33,Farmers,21,65,Any,800000,All India,Subsidy,Government-supported farmers welfare scheme focused on social upliftment.,https://www.india.gov.in
234,Farmers Welfare Scheme 34,Farmers,21,65,Any,800000,All India,Subsidy,Government-supported farmers welfare scheme focused on social upliftment.,https://www.india.gov.in
235,Farmers Welfare Scheme 35,Farmers,21,65,Any,800000,All India,Subsidy,Government-supported farmers welfare scheme focused on social upliftment.,https://www.india.gov.in
236,Farmers Welfare Scheme 36,Farmers,21,65,Any,800000,All India,Subsidy,Government-supported farmers welfare scheme focused on social upliftment.,https://www.india.gov.in
237,Farmers Welfare Scheme 37,Farmers,21,65,Any,800000,All India,Subsidy,Government-supported farmers welfare scheme focused on social upliftment.,https://www.india.gov.in
238,Farmers Welfare Scheme 38,Farmers,21,65,Any,800000,All India,Subsidy,Government-supported farmers welfare scheme focused on social upliftment.,https://www.india.gov.in
239,Farmers Welfare Scheme 39,Farmers,21,65,Any,800000,All India,Subsidy,Government-supported farmers welfare scheme focused on social upliftment.,https://www.india.gov.in
240,Farmers Welfare Scheme 40,Farmers,21,65,Any,800000,All India,Subsidy,Government-supported farmers welfare scheme focused on social upliftment.,https://www.india.gov.in
241,Farmers Welfare Scheme 41,Farmers,21,65,Any,800000,All India,Subsidy,Government-supported farmers welfare scheme focused on social upliftment.,https://www.india.gov.in
242,Farmers Welfare Scheme 42,Farmers,21,65,Any,800000,All India,Subsidy,Government-supported farmers welfare scheme focused on social upliftment.,https://www.india.gov.in
243,Farmers Welfare Scheme 43,Farmers,21,65,Any,800000,All India,Subsidy,Government-supported farmers welfare scheme focused on social upliftment.,https://www.india.gov.in
244,Farmers Welfare Scheme 44,Farmers,21,65,Any,800000,All India,Subsidy,Government-supported farmers welfare scheme focused on social upliftment.,https://www.india.gov.in
245,Farmers Welfare Scheme 45,Farmers,21,65,Any,800000,All India,Subsidy,Government-supported farmers welfare scheme focused on social upliftment.,https://www.india.gov.in
246,Farmers Welfare Scheme 46,Farmers,21,65,Any,800000,All India,Subsidy,Government-supported farmers welfare scheme focused on social upliftment.,https://www.india.gov.in
247,Farmers Welfare Scheme 47,Farmers,21,65,Any,800000,All India,Subsidy,Government-supported farmers welfare scheme focused on social upliftment.,https://www.india.gov.in
248,Farmers Welfare Scheme 48,Farmers,21,65,Any,800000,All India,Subsidy,Government-supported farmers welfare scheme focused on social upliftment.,https://www.india.gov.in
249,Farmers Welfare Scheme 49,Farmers,21,65,Any,800000,All India,Subsidy,Government-supported farmers welfare scheme focused on social upliftment.,https://www.india.gov.in
250,Farmers Welfare Scheme 50,Farmers,21,65,Any,800000,All India,Subsidy,Government-supported farmers welfare scheme focused on social upliftment.,https://www.india.gov.in
251,Farmers Welfare Scheme 51,Farmers,21,65,Any,800000,All India,Subsidy,Government-supported farmers welfare scheme focused on social upliftment.,https://www.india.gov.in
252,Farmers Welfare Scheme 52,Farmers,21,65,Any,800000,All India,Subsidy,Government-supported farmers welfare scheme focused on social upliftment.,https://www.india.gov.in
253,Farmers Welfare Scheme 53,Farmers,21,65,Any,800000,All India,Subsidy,Government-supported farmers welfare scheme focused on social upliftment.,https://www.india.gov.in
254,Farmers Welfare Scheme 54,Farmers,21,65,Any,800000,All India,Subsidy,Government-supported farmers welfare scheme focused on social upliftment.,https://www.india.gov.in
255,Farmers Welfare Scheme 55,Farmers,21,65,Any,800000,All India,Subsidy,Government-supported farmers welfare scheme focused on social upliftment.,https://www.india.gov.in
256,Farmers Welfare Scheme 56,Farmers,21,65,Any,800000,All India,Subsidy,Government-supported farmers welfare scheme focused on social upliftment.,https://www.india.gov.in
257,Farmers Welfare Scheme 57,Farmers,21,65,Any,800000,All India,Subsidy,Government-supported farmers welfare scheme focused on social upliftment.,https://www.india.gov.in
258,Farmers Welfare Scheme 58,Farmers,21,65,Any,800000,All India,Subsidy,Government-supported farmers welfare scheme focused on social upliftment.,https://www.india.gov.in
259,Farmers Welfare Scheme 59,Farmers,21,65,Any,800000,All India,Subsidy,Government-supported farmers welfare scheme focused on social upliftment.,https://www.india.gov.in
260,Farmers Welfare Scheme 60,Farmers,21,65,Any,800000,All India,Subsidy,Government-supported farmers welfare scheme focused on social upliftment.,https://www.india.gov.in
261,Farmers Welfare Scheme 61,Farmers,21,65,Any,800000,All India,Subsidy,Government-supported farmers welfare scheme focused on social upliftment.,https://www.india.gov.in
262,Farmers Welfare Scheme 62,Farmers,21,65,Any,800000,All India,Subsidy,Government-supported farmers welfare scheme focused on social upliftment.,https://www.india.gov.in
263,Farmers Welfare Scheme 63,Farmers,21,65,Any,800000,All India,Subsidy,Government-supported farmers welfare scheme focused on social upliftment.,https://www.india.gov.in
264,Farmers Welfare Scheme 64,Farmers,21,65,Any,800000,All India,Subsidy,Government-supported farmers welfare scheme focused on social upliftment.,https://www.india.gov.in
265,Farmers Welfare Scheme 65,Farmers,21,65,Any,800000,All India,Subsidy,Government-supported farmers welfare scheme focused on social upliftment.,https://www.india.gov.in
266,Farmers Welfare Scheme 66,Farmers,21,65,Any,800000,All India,Subsidy,Government-supported farmers welfare scheme focused on social upliftment.,https://www.india.gov.in
267,Farmers Welfare Scheme 67,Farmers,21,65,Any,800000,All India,Subsidy,Government-supported farmers welfare scheme focused on social upliftment.,https://www.india.gov.in
268,Farmers Welfare Scheme 68,Farmers,21,65,Any,800000,All India,Subsidy,Government-supported farmers welfare scheme focused on social upliftment.,https://www.india.gov.in
269,Farmers Welfare Scheme 69,Farmers,21,65,Any,800000,All India,Subsidy,Government-supported farmers welfare scheme focused on social upliftment.,https://www.india.gov.in
270,Farmers Welfare Scheme 70,Farmers,21,65,Any,800000,All India,Subsidy,Government-supported farmers welfare scheme focused on social upliftment.,https://www.india.gov.in
271,Farmers Welfare Scheme 71,Farmers,21,65,Any,800000,All India,Subsidy,Government-supported farmers welfare scheme focused on social upliftment.,https://www.india.gov.in
272,Farmers Welfare Scheme 72,Farmers,21,65,Any,800000,All India,Subsidy,Government-supported farmers welfare scheme focused on social upliftment.,https://www.india.gov.in
273,Farmers Welfare Scheme 73,Farmers,21,65,Any,800000,All India,Subsidy,Government-supported farmers welfare scheme focused on social upliftment.,https://www.india.gov.in
274,Farmers Welfare Scheme 74,Farmers,21,65,Any,800000,All India,Subsidy,Government-supported farmers welfare scheme focused on social upliftment.,https://www.india.gov.in
275,Farmers Welfare Scheme 75,Farmers,21,65,Any,800000,All India,Subsidy,Government-supported farmers welfare scheme focused on social upliftment.,https://www.india.gov.in
276,Farmers Welfare Scheme 76,Farmers,21,65,Any,800000,All India,Subsidy,Government-supported farmers welfare scheme focused on social upliftment.,https://www.india.gov.in
277,Farmers Welfare Scheme 77,Farmers,21,65,Any,800000,All India,Subsidy,Government-supported farmers welfare scheme focused on social upliftment.,https://www.india.gov.in
278,Farmers Welfare Scheme 78,Farmers,21,65,Any,800000,All India,Subsidy,Government-supported farmers welfare scheme focused on social upliftment.,https://www.india.gov.in
279,Farmers Welfare Scheme 79,Farmers,21,65,Any,800000,All India,Subsidy,Government-supported farmers welfare scheme focused on social upliftment.,https://www.india.gov.in
280,Farmers Welfare Scheme 80,Farmers,21,65,Any,800000,All India,Subsidy,Government-supported farmers welfare scheme focused on social upliftment.,https://www.india.gov.in
281,Farmers Welfare Scheme 81,Farmers,21,65,Any,800000,All India,Subsidy,Government-supported farmers welfare scheme focused on social upliftment.,https://www.india.gov.in
282,Farmers Welfare Scheme 82,Farmers,21,65,Any,800000,All India,Subsidy,Government-supported farmers welfare scheme focused on social upliftment.,https://www.india.gov.in
283,Farmers Welfare Scheme 83,Farmers,21,65,Any,800000,All India,Subsidy,Government-supported farmers welfare scheme focused on social upliftment.,https://www.india.gov.in
284,Farmers Welfare Scheme 84,Farmers,21,65,Any,800000,All India,Subsidy,Government-supported farmers welfare scheme focused on social upliftment.,https://www.india.gov.in
285,Farmers Welfare Scheme 85,Farmers,21,65,Any,800000,All India,Subsidy,Government-supported farmers welfare scheme focused on social upliftment.,https://www.india.gov.in
286,Farmers Welfare Scheme 86,Farmers,21,65,Any,800000,All India,Subsidy,Government-supported farmers welfare scheme focused on social upliftment.,https://www.india.gov.in
287,Farmers Welfare Scheme 87,Farmers,21,65,Any,800000,All India,Subsidy,Government-supported farmers welfare scheme focused on social upliftment.,https://www.india.gov.in
288,Farmers Welfare Scheme 88,Farmers,21,65,Any,800000,All India,Subsidy,Government-supported farmers welfare scheme focused on social upliftment.,https://www.india.gov.in
289,Farmers Welfare Scheme 89,Farmers,21,65,Any,800000,All India,Subsidy,Government-supported farmers welfare scheme focused on social upliftment.,https://www.india.gov.in
290,Farmers Welfare Scheme 90,Farmers,21,65,Any,800000,All India,Subsidy,Government-supported farmers welfare scheme focused on social upliftment.,https://www.india.gov.in
291,Farmers Welfare Scheme 91,Farmers,21,65,Any,800000,All India,Subsidy,Government-supported farmers welfare scheme focused on social upliftment.,https://www.india.gov.in
292,Farmers Welfare Scheme 92,Farmers,21,65,Any,800000,All India,Subsidy,Government-supported farmers welfare scheme focused on social upliftment.,https://www.india.gov.in
293,Farmers Welfare Scheme 93,Farmers,21,65,Any,800000,All India,Subsidy,Government-supported farmers welfare scheme focused on social upliftment.,https://www.india.gov.in
294,Farmers Welfare Scheme 94,Farmers,21,65,Any,800000,All India,Subsidy,Government-supported farmers welfare scheme focused on social upliftment.,https://www.india.gov.in
295,Farmers Welfare Scheme 95,Farmers,21,65,Any,800000,All India,Subsidy,Government-supported farmers welfare scheme focused on social upliftment.,https://www.india.gov.in
296,Farmers Welfare Scheme 96,Farmers,21,65,Any,800000,All India,Subsidy,Government-supported farmers welfare scheme focused on social upliftment.,https://www.india.gov.in
297,Farmers Welfare Scheme 97,Farmers,21,65,Any,800000,All India,Subsidy,Government-supported farmers welfare scheme focused on social upliftment.,https://www.india.gov.in
298,Farmers Welfare Scheme 98,Farmers,21,65,Any,800000,All India,Subsidy,Government-supported farmers welfare scheme focused on social upliftment.,https://www.india.gov.in
299,Farmers Welfare Scheme 99,Farmers,21,65,Any,800000,All India,Subsidy,Government-supported farmers welfare scheme focused on social upliftment.,https://www.india.gov.in
300,Farmers Welfare Scheme 100,Farmers,21,65,Any,800000,All India,Subsidy,Government-supported farmers welfare scheme focused on social upliftment.,https://www.india.gov.in
301,Children Welfare Scheme 1,Children,0,18,Any,800000,All India,Nutrition / Education Support,Government-supported children welfare scheme focused on social upliftment.,https://www.india.gov.in
302,Children Welfare Scheme 2,Children,0,18,Any,800000,All India,Nutrition / Education Support,Government-supported children welfare scheme focused on social upliftment.,https://www.india.gov.in
303,Children Welfare Scheme 3,Children,0,18,Any,800000,All India,Nutrition / Education Support,Government-supported children welfare scheme focused on social upliftment.,https://www.india.gov.in
304,Children Welfare Scheme 4,Children,0,18,Any,800000,All India,Nutrition / Education Support,Government-supported children welfare scheme focused on social upliftment.,https://www.india.gov.in
305,Children Welfare Scheme 5,Children,0,18,Any,800000,All India,Nutrition / Education Support,Government-supported children welfare scheme focused on social upliftment.,https://www.india.gov.in
306,Children Welfare Scheme 6,Children,0,18,Any,800000,All India,Nutrition / Education Support,Government-supported children welfare scheme focused on social upliftment.,https://www.india.gov.in
307,Children Welfare Scheme 7,Children,0,18,Any,800000,All India,Nutrition / Education Support,Government-supported children welfare scheme focused on social upliftment.,https://www.india.gov.in
308,Children Welfare Scheme 8,Children,0,18,Any,800000,All India,Nutrition / Education Support,Government-supported children welfare scheme focused on social upliftment.,https://www.india.gov.in
309,Children Welfare Scheme 9,Children,0,18,Any,800000,All India,Nutrition / Education Support,Government-supported children welfare scheme focused on social upliftment.,https://www.india.gov.in
310,Children Welfare Scheme 10,Children,0,18,Any,800000,All India,Nutrition / Education Support,Government-supported children welfare scheme focused on social upliftment.,https://www.india.gov.in
311,Children Welfare Scheme 11,Children,0,18,Any,800000,All India,Nutrition / Education Support,Government-supported children welfare scheme focused on social upliftment.,https://www.india.gov.in
312,Children Welfare Scheme 12,Children,0,18,Any,800000,All India,Nutrition / Education Support,Government-supported children welfare scheme focused on social upliftment.,https://www.india.gov.in
313,Children Welfare Scheme 13,Children,0,18,Any,800000,All India,Nutrition / Education Support,Government-supported children welfare scheme focused on social upliftment.,https://www.india.gov.in
314,Children Welfare Scheme 14,Children,0,18,Any,800000,All India,Nutrition / Education Support,Government-supported children welfare scheme focused on social upliftment.,https://www.india.gov.in
315,Children Welfare Scheme 15,Children,0,18,Any,800000,All India,Nutrition / Education Support,Government-supported children welfare scheme focused on social upliftment.,https://www.india.gov.in
316,Children Welfare Scheme 16,Children,0,18,Any,800000,All India,Nutrition / Education Support,Government-supported children welfare scheme focused on social upliftment.,https://www.india.gov.in
317,Children Welfare Scheme 17,Children,0,18,Any,800000,All India,Nutrition / Education Support,Government-supported children welfare scheme focused on social upliftment.,https://www.india.gov.in
318,Children Welfare Scheme 18,Children,0,18,Any,800000,All India,Nutrition / Education Support,Government-supported children welfare scheme focused on social upliftment.,https://www.india.gov.in
319,Children Welfare Scheme 19,Children,0,18,Any,800000,All India,Nutrition / Education Support,Government-supported children welfare scheme focused on social upliftment.,https://www.india.gov.in
320,Children Welfare Scheme 20,Children,0,18,Any,800000,All India,Nutrition / Education Support,Government-supported children welfare scheme focused on social upliftment.,https://www.india.gov.in
321,Children Welfare Scheme 21,Children,0,18,Any,800000,All India,Nutrition / Education Support,Government-supported children welfare scheme focused on social upliftment.,https://www.india.gov.in
322,Children Welfare Scheme 22,Children,0,18,Any,800000,All India,Nutrition / Education Support,Government-supported children welfare scheme focused on social upliftment.,https://www.india.gov.in
323,Children Welfare Scheme 23,Children,0,18,Any,800000,All India,Nutrition / Education Support,Government-supported children welfare scheme focused on social upliftment.,https://www.india.gov.in
324,Children Welfare Scheme 24,Children,0,18,Any,800000,All India,Nutrition / Education Support,Government-supported children welfare scheme focused on social upliftment.,https://www.india.gov.in
325,Children Welfare Scheme 25,Children,0,18,Any,800000,All India,Nutrition / Education Support,Government-supported children welfare scheme focused on social upliftment.,https://www.india.gov.in
326,Children Welfare Scheme 26,Children,0,18,Any,800000,All India,Nutrition / Education Support,Government-supported children welfare scheme focused on social upliftment.,https://www.india.gov.in
327,Children Welfare Scheme 27,Children,0,18,Any,800000,All India,Nutrition / Education Support,Government-supported children welfare scheme focused on social upliftment.,https://www.india.gov.in
328,Children Welfare Scheme 28,Children,0,18,Any,800000,All India,Nutrition / Education Support,Government-supported children welfare scheme focused on social upliftment.,https://www.india.gov.in
329,Children Welfare Scheme 29,Children,0,18,Any,800000,All India,Nutrition / Education Support,Government-supported children welfare scheme focused on social upliftment.,https://www.india.gov.in
330,Children Welfare Scheme 30,Children,0,18,Any,800000,All India,Nutrition / Education Support,Government-supported children welfare scheme focused on social upliftment.,https://www.india.gov.in
331,Children Welfare Scheme 31,Children,0,18,Any,800000,All India,Nutrition / Education Support,Government-supported children welfare scheme focused on social upliftment.,https://www.india.gov.in
332,Children Welfare Scheme 32,Children,0,18,Any,800000,All India,Nutrition / Education Support,Government-supported children welfare scheme focused on social upliftment.,https://www.india.gov.in
333,Children Welfare Scheme 33,Children,0,18,Any,800000,All India,Nutrition / Education Support,Government-supported children welfare scheme focused on social upliftment.,https://www.india.gov.in
334,Children Welfare Scheme 34,Children,0,18,Any,800000,All India,Nutrition / Education Support,Government-supported children welfare scheme focused on social upliftment.,https://www.india.gov.in
335,Children Welfare Scheme 35,Children,0,18,Any,800000,All India,Nutrition / Education Support,Government-supported children welfare scheme focused on social upliftment.,https://www.india.gov.in
336,Children Welfare Scheme 36,Children,0,18,Any,800000,All India,Nutrition / Education Support,Government-supported children welfare scheme focused on social upliftment.,https://www.india.gov.in
337,Children Welfare Scheme 37,Children,0,18,Any,800000,All India,Nutrition / Education Support,Government-supported children welfare scheme focused on social upliftment.,https://www.india.gov.in
338,Children Welfare Scheme 38,Children,0,18,Any,800000,All India,Nutrition / Education Support,Government-supported children welfare scheme focused on social upliftment.,https://www.india.gov.in
339,Children Welfare Scheme 39,Children,0,18,Any,800000,All India,Nutrition / Education Support,Government-supported children welfare scheme focused on social upliftment.,https://www.india.gov.in
340,Children Welfare Scheme 40,Children,0,18,Any,800000,All India,Nutrition / Education Support,Government-supported children welfare scheme focused on social upliftment.,https://www.india.gov.in
341,Children Welfare Scheme 41,Children,0,18,Any,800000,All India,Nutrition / Education Support,Government-supported children welfare scheme focused on social upliftment.,https://www.india.gov.in
342,Children Welfare Scheme 42,Children,0,18,Any,800000,All India,Nutrition / Education Support,Government-supported children welfare scheme focused on social upliftment.,https://www.india.gov.in
343,Children Welfare Scheme 43,Children,0,18,Any,800000,All India,Nutrition / Education Support,Government-supported children welfare scheme focused on social upliftment.,https://www.india.gov.in
344,Children Welfare Scheme 44,Children,0,18,Any,800000,All India,Nutrition / Education Support,Government-supported children welfare scheme focused on social upliftment.,https://www.india.gov.in
345,Children Welfare Scheme 45,Children,0,18,Any,800000,All India,Nutrition / Education Support,Government-supported children welfare scheme focused on social upliftment.,https://www.india.gov.in
346,Children Welfare Scheme 46,Children,0,18,Any,800000,All India,Nutrition / Education Support,Government-supported children welfare scheme focused on social upliftment.,https://www.india.gov.in
347,Children Welfare Scheme 47,Children,0,18,Any,800000,All India,Nutrition / Education Support,Government-supported children welfare scheme focused on social upliftment.,https://www.india.gov.in
348,Children Welfare Scheme 48,Children,0,18,Any,800000,All India,Nutrition / Education Support,Government-supported children welfare scheme focused on social upliftment.,https://www.india.gov.in
349,Children Welfare Scheme 49,Children,0,18,Any,800000,All India,Nutrition / Education Support,Government-supported children welfare scheme focused on social upliftment.,https://www.india.gov.in
350,Children Welfare Scheme 50,Children,0,18,Any,800000,All India,Nutrition / Education Support,Government-supported children welfare scheme focused on social upliftment.,https://www.india.gov.in
351,Children Welfare Scheme 51,Children,0,18,Any,800000,All India,Nutrition / Education Support,Government-supported children welfare scheme focused on social upliftment.,https://www.india.gov.in
352,Children Welfare Scheme 52,Children,0,18,Any,800000,All India,Nutrition / Education Support,Government-supported children welfare scheme focused on social upliftment.,https://www.india.gov.in
353,Children Welfare Scheme 53,Children,0,18,Any,800000,All India,Nutrition / Education Support,Government-supported children welfare scheme focused on social upliftment.,https://www.india.gov.in
354,Children Welfare Scheme 54,Children,0,18,Any,800000,All India,Nutrition / Education Support,Government-supported children welfare scheme focused on social upliftment.,https://www.india.gov.in
355,Children Welfare Scheme 55,Children,0,18,Any,800000,All India,Nutrition / Education Support,Government-supported children welfare scheme focused on social upliftment.,https://www.india.gov.in
356,Children Welfare Scheme 56,Children,0,18,Any,800000,All India,Nutrition / Education Support,Government-supported children welfare scheme focused on social upliftment.,https://www.india.gov.in
357,Children Welfare Scheme 57,Children,0,18,Any,800000,All India,Nutrition / Education Support,Government-supported children welfare scheme focused on social upliftment.,https://www.india.gov.in
358,Children Welfare Scheme 58,Children,0,18,Any,800000,All India,Nutrition / Education Support,Government-supported children welfare scheme focused on social upliftment.,https://www.india.gov.in
359,Children Welfare Scheme 59,Children,0,18,Any,800000,All India,Nutrition / Education Support,Government-supported children welfare scheme focused on social upliftment.,https://www.india.gov.in
360,Children Welfare Scheme 60,Children,0,18,Any,800000,All India,Nutrition / Education Support,Government-supported children welfare scheme focused on social upliftment.,https://www.india.gov.in
361,Children Welfare Scheme 61,Children,0,18,Any,800000,All India,Nutrition / Education Support,Government-supported children welfare scheme focused on social upliftment.,https://www.india.gov.in
362,Children Welfare Scheme 62,Children,0,18,Any,800000,All India,Nutrition / Education Support,Government-supported children welfare scheme focused on social upliftment.,https://www.india.gov.in
363,Children Welfare Scheme 63,Children,0,18,Any,800000,All India,Nutrition / Education Support,Government-supported children welfare scheme focused on social upliftment.,https://www.india.gov.in
364,Children Welfare Scheme 64,Children,0,18,Any,800000,All India,Nutrition / Education Support,Government-supported children welfare scheme focused on social upliftment.,https://www.india.gov.in
365,Children Welfare Scheme 65,Children,0,18,Any,800000,All India,Nutrition / Education Support,Government-supported children welfare scheme focused on social upliftment.,https://www.india.gov.in
366,Children Welfare Scheme 66,Children,0,18,Any,800000,All India,Nutrition / Education Support,Government-supported children welfare scheme focused on social upliftment.,https://www.india.gov.in
367,Children Welfare Scheme 67,Children,0,18,Any,800000,All India,Nutrition / Education Support,Government-supported children welfare scheme focused on social upliftment.,https://www.india.gov.in
368,Children Welfare Scheme 68,Children,0,18,Any,800000,All India,Nutrition / Education Support,Government-supported children welfare scheme focused on social upliftment.,https://www.india.gov.in
369,Children Welfare Scheme 69,Children,0,18,Any,800000,All India,Nutrition / Education Support,Government-supported children welfare scheme focused on social upliftment.,https://www.india.gov.in
370,Children Welfare Scheme 70,Children,0,18,Any,800000,All India,Nutrition / Education Support,Government-supported children welfare scheme focused on social upliftment.,https://www.india.gov.in
371,Children Welfare Scheme 71,Children,0,18,Any,800000,All India,Nutrition / Education Support,Government-supported children welfare scheme focused on social upliftment.,https://www.india.gov.in
372,Children Welfare Scheme 72,Children,0,18,Any,800000,All India,Nutrition / Education Support,Government-supported children welfare scheme focused on social upliftment.,https://www.india.gov.in
373,Children Welfare Scheme 73,Children,0,18,Any,800000,All India,Nutrition / Education Support,Government-supported children welfare scheme focused on social upliftment.,https://www.india.gov.in
374,Children Welfare Scheme 74,Children,0,18,Any,800000,All India,Nutrition / Education Support,Government-supported children welfare scheme focused on social upliftment.,https://www.india.gov.in
375,Children Welfare Scheme 75,Children,0,18,Any,800000,All India,Nutrition / Education Support,Government-supported children welfare scheme focused on social upliftment.,https://www.india.gov.in
376,Children Welfare Scheme 76,Children,0,18,Any,800000,All India,Nutrition / Education Support,Government-supported children welfare scheme focused on social upliftment.,https://www.india.gov.in
377,Children Welfare Scheme 77,Children,0,18,Any,800000,All India,Nutrition / Education Support,Government-supported children welfare scheme focused on social upliftment.,https://www.india.gov.in
378,Children Welfare Scheme 78,Children,0,18,Any,800000,All India,Nutrition / Education Support,Government-supported children welfare scheme focused on social upliftment.,https://www.india.gov.in
379,Children Welfare Scheme 79,Children,0,18,Any,800000,All India,Nutrition / Education Support,Government-supported children welfare scheme focused on social upliftment.,https://www.india.gov.in
380,Children Welfare Scheme 80,Children,0,18,Any,800000,All India,Nutrition / Education Support,Government-supported children welfare scheme focused on social upliftment.,https://www.india.gov.in
381,Children Welfare Scheme 81,Children,0,18,Any,800000,All India,Nutrition / Education Support,Government-supported children welfare scheme focused on social upliftment.,https://www.india.gov.in
382,Children Welfare Scheme 82,Children,0,18,Any,800000,All India,Nutrition / Education Support,Government-supported children welfare scheme focused on social upliftment.,https://www.india.gov.in
383,Children Welfare Scheme 83,Children,0,18,Any,800000,All India,Nutrition / Education Support,Government-supported children welfare scheme focused on social upliftment.,https://www.india.gov.in
384,Children Welfare Scheme 84,Children,0,18,Any,800000,All India,Nutrition / Education Support,Government-supported children welfare scheme focused on social upliftment.,https://www.india.gov.in
385,Children Welfare Scheme 85,Children,0,18,Any,800000,All India,Nutrition / Education Support,Government-supported children welfare scheme focused on social upliftment.,https://www.india.gov.in
386,Children Welfare Scheme 86,Children,0,18,Any,800000,All India,Nutrition / Education Support,Government-supported children welfare scheme focused on social upliftment.,https://www.india.gov.in
387,Children Welfare Scheme 87,Children,0,18,Any,800000,All India,Nutrition / Education Support,Government-supported children welfare scheme focused on social upliftment.,https://www.india.gov.in
388,Children Welfare Scheme 88,Children,0,18,Any,800000,All India,Nutrition / Education Support,Government-supported children welfare scheme focused on social upliftment.,https://www.india.gov.in
389,Children Welfare Scheme 89,Children,0,18,Any,800000,All India,Nutrition / Education Support,Government-supported children welfare scheme focused on social upliftment.,https://www.india.gov.in
390,Children Welfare Scheme 90,Children,0,18,Any,800000,All India,Nutrition / Education Support,Government-supported children welfare scheme focused on social upliftment.,https://www.india.gov.in
391,Children Welfare Scheme 91,Children,0,18,Any,800000,All India,Nutrition / Education Support,Government-supported children welfare scheme focused on social upliftment.,https://www.india.gov.in
392,Children Welfare Scheme 92,Children,0,18,Any,800000,All India,Nutrition / Education Support,Government-supported children welfare scheme focused on social upliftment.,https://www.india.gov.in
393,Children Welfare Scheme 93,Children,0,18,Any,800000,All India,Nutrition / Education Support,Government-supported children welfare scheme focused on social upliftment.,https://www.india.gov.in
394,Children Welfare Scheme 94,Children,0,18,Any,800000,All India,Nutrition / Education Support,Government-supported children welfare scheme focused on social upliftment.,https://www.india.gov.in
395,Children Welfare Scheme 95,Children,0,18,Any,800000,All India,Nutrition / Education Support,Government-supported children welfare scheme focused on social upliftment.,https://www.india.gov.in
396,Children Welfare Scheme 96,Children,0,18,Any,800000,All India,Nutrition / Education Support,Government-supported children welfare scheme focused on social upliftment.,https://www.india.gov.in
397,Children Welfare Scheme 97,Children,0,18,Any,800000,All India,Nutrition / Education Support,Government-supported children welfare scheme focused on social upliftment.,https://www.india.gov.in
398,Children Welfare Scheme 98,Children,0,18,Any,800000,All India,Nutrition / Education Support,Government-supported children welfare scheme focused on social upliftment.,https://www.india.gov.in
399,Children Welfare Scheme 99,Children,0,18,Any,800000,All India,Nutrition / Education Support,Government-supported children welfare scheme focused on social upliftment.,https://www.india.gov.in
400,Children Welfare Scheme 100,Children,0,18,Any,800000,All India,Nutrition / Education Support,Government-supported children welfare scheme focused on social upliftment.,https://www.india.gov.in
